hidden_size,patience,WMAE_Gold,WMAE_Total
32,10,5.403191631038983,12.594191120730507
64,10,7.092050707174672,17.846204419930775
