Principal Component,Explained Variance Ratio
PC1,0.1999107214714076
PC2,0.11398318539752335
PC3,0.10557591348234296
PC4,0.0732798046959488
PC5,0.05377318555030232
